site,row,stake,soil,ff.thickness,bulk.density,soil.mass,ph.h2o,ph.cacl2,c,n,om,p,nh4,no3,n.min,nitr,cec ,ca,mg,k,soil.moisture,soil.moisture.capacity
P1,B,2,FF,53,0.075,3.97,3.86,3.08,40.83,1.34,77.71,137.37,9.38,1.18,253.38,1.23,3.45,0.8,0.35,0.81,0.74,2.68
P1,B,3,FF,54,0.075,4.04,4.14,3.16,22.68,0.81,30.49,76.63,5.92,0.08,201.68,-0.06,5.4,0.86,0.24,0.43,0.79,2.42
P1,B,4,FF,36.5,0.073,2.67,4.15,3.11,38.42,1.35,68.76,137.68,21.08,0.99,318.74,2,3.61,0.66,0.24,0.41,0.89,3.53
P1,B,5,FF,56.3,0.114,6.4,3.88,3.12,29.05,0.85,47.42,113.21,14.94,0.08,50.64,0.24,9.84,0.41,0.12,0.28,0.83,2.32
P1,B,6,FF,50,0.051,2.53,4.2,3.38,NA,NA,73.27,190.38,21.39,0.24,267.87,3.32,9.99,0.87,0.32,0.66,0.75,2.06
P1,B,7,FF,40.3,0.097,3.9,3.81,3.11,44.87,1.6,92.34,210.07,24.71,0.9,178.74,1.58,12.66,0.81,0.41,0.82,0.74,6.29
P1,B,8,FF,31.5,0.098,3.1,4.07,3.14,NA,NA,76.57,157.37,26.1,0.93,320.41,1.72,6.74,1.09,0.38,0.76,1.07,3.4
P1,B,9,FF,34.3,0.074,2.52,3.36,3.28,39.51,1.41,73.1,140.32,18.02,0.65,106.64,-0.38,7.01,1.1,0.38,0.78,0.54,1.92
P1,B,10,FF,18.5,0.104,1.93,4.46,3.56,43.67,1.6,86.64,215.57,53.73,0.2,40.08,0.07,5.81,3.01,0.48,0.77,0.58,2.22
P1,C,3,FF,32.5,NA,NA,4.03,NA,NA,NA,NA,NA,NA,NA,NA,NA,3.63,0.65,0.24,0.49,0.74,2.77
P1,C,5,FF,22.5,NA,NA,3.75,NA,NA,NA,NA,NA,NA,NA,NA,NA,5.26,1.31,0.45,1.21,0.63,1.42
P1,C,7,FF,37.5,NA,NA,4.05,NA,NA,NA,NA,NA,NA,NA,NA,NA,3.27,2.12,0.77,1.5,0.85,1.99
P1,C,9,FF,27.8,NA,NA,4.45,NA,NA,NA,NA,NA,NA,NA,NA,NA,5.92,1.44,0.74,1.04,0.92,0.99
P1,D,2,FF,53.8,0.06,3.22,3.8,3.12,37.08,1.29,74.5,135.69,14.21,1.12,583.71,1.22,8.21,2.05,0.88,1.44,0.93,2.38
P1,D,3,FF,49,0.136,6.67,4.04,3.09,30.81,1,60.59,132.75,12.55,1.49,111.72,-0.44,3.14,1.09,0.17,0.4,0.72,1.91
P1,D,4,FF,35,0.142,4.96,4.05,3.03,35.71,1.15,79.03,149.7,14,0.71,163.56,2.01,6.38,2.24,0.74,1.05,0.49,1.43
P1,D,5,FF,38.5,0.081,3.14,4.38,3.24,28.09,0.98,52.53,126.68,32.38,0.72,209.52,-0.72,7.27,3.7,0.92,2.07,0.54,0.65
P1,D,6,FF,47.3,0.079,3.75,4.01,3.35,25.44,0.92,42.28,60.24,18.06,0.89,305.74,1.31,6.36,3.23,0.85,1.56,0.67,2.09
P1,D,7,FF,28,0.121,3.39,4.16,3.39,35.77,1.22,56.58,152.95,14.72,0.16,160.96,0.56,6.08,2.38,0.72,1.19,0.86,1.48
P1,D,8,FF,28.3,0.123,3.47,3.95,3.14,33,1.15,61.02,141.92,11.97,1.65,122.16,-1.65,7.53,2.4,0.97,1.48,0.97,5.38
P1,D,9,FF,40.8,0.078,3.2,3.02,3.02,21.87,0.71,86.31,214.6,17.58,1.07,316.51,3.07,5.59,3.23,0.95,1.4,0.75,2.42
P1,D,10,FF,45.5,0.049,2.23,3.93,3.16,44.04,1.92,85.79,256.52,32.45,0.94,526.91,1.08,3.98,1.37,0.66,1.32,1.33,2.57
P1,E,3,FF,73.8,NA,NA,4.82,NA,NA,NA,NA,NA,NA,NA,NA,NA,7.68,3.11,0.63,0.82,0.75,1.58
P1,E,5,FF,36.3,NA,NA,3.85,NA,NA,NA,NA,NA,NA,NA,NA,NA,3.37,2.71,0.75,1.49,0.69,1.14
P1,E,7,FF,52.5,NA,NA,4.05,NA,NA,NA,NA,NA,NA,NA,NA,NA,0.37,0.44,0.12,0.5,0.9,2.79
P1,E,9,FF,47.5,NA,NA,3.93,NA,NA,NA,NA,NA,NA,NA,NA,NA,2.4,1.6,0.44,0.95,0.85,3.6
P1,F,2,FF,41.5,0.076,3.15,3.97,3.18,NA,NA,66.37,109.27,10.16,0.85,94.32,0.19,3.4,1.55,0.56,0.92,1.09,2.83
P1,F,3,FF,44.3,0.103,4.56,3.92,3.03,33.85,1.55,65.92,137.2,4.05,0.87,132.01,-0.29,5.37,3.04,0.77,1.07,0.74,2.73
P1,F,4,FF,37.5,0.081,3.02,3.98,3.06,35.84,1.55,66.93,179.98,6.56,1.07,103.44,0.26,4.84,3.7,0.94,1.26,0.71,1.42
P1,F,5,FF,32.5,0.082,2.67,3.15,3.19,27.54,1.27,52.83,118.92,6.71,0.38,222.88,2.73,2.34,2.49,0.72,0.94,0.81,1.84
P1,F,6,FF,54.5,0.038,2.08,3.77,3.02,45.49,2.05,91,210.83,10.19,0,248.38,4.02,5.09,1.78,0.71,1.29,0.93,1.97
P1,F,7,FF,43,0.037,1.61,3.98,3.09,41.17,1.78,77.1,205.17,11.55,0.48,242.2,1.39,6.83,1.38,0.78,1.08,0.97,1.39
P1,F,8,FF,33.3,0.046,1.53,4.24,3.36,33.35,1.74,63.51,69.48,29.07,0.5,383.13,-0.5,6.1,1.72,0.47,1.13,0.85,2.47
P1,F,9,FF,61.5,0.048,2.93,4.02,3.21,36.04,1.87,74.81,198.42,16.59,0.2,171.97,-0.2,3.59,4.28,0.95,1.76,1.38,3.58
P1,F,10,FF,84.3,0.972,2.21,4.18,3.26,34.35,1.78,60.86,199.23,16.19,0.69,864.74,-0.01,6.91,2.67,0.81,0.81,1.21,4.61
P1,B,2,MIN,NA,0.62,92.95,4.43,3.94,2.73,0.07,7.18,11.83,0.01,0.04,7.2,0.6,1.69,0,0.03,0.23,0.32,0.61
P1,B,3,MIN,NA,0.713,107,4.67,4.11,3.19,0.1,7.28,10.56,1.23,3.18,-1.67,-2.92,1.06,0,0.01,0.07,0.34,0.6
P1,B,4,MIN,NA,0.709,106.29,4.41,3.93,3.65,0.11,8.06,8.31,1.34,0,1.68,0,1.76,0,0.02,0.13,0.33,0.57
P1,B,5,MIN,NA,0.757,113.48,4.55,4.19,2.4,0.07,6.66,10.76,3.84,0,-1.93,0,1.25,0,0.02,0.11,0.28,0.45
P1,B,6,MIN,NA,0.617,92.52,4.9,4.31,NA,NA,6.84,20.97,5.45,0.23,5.7,1.57,1.65,0,0.02,0.1,0.34,0.64
P1,B,7,MIN,NA,0.661,99.21,4.4,3.83,4.58,0.12,10.31,27.94,3.21,0,0.04,0.28,1.05,0,0.03,0.17,0.31,0.54
P1,B,8,MIN,NA,0.724,108.57,4.54,4.05,2.88,0.08,7.57,16.16,1.26,0,7.36,0.84,1.81,0,0.03,0.16,0.35,0.53
P1,B,9,MIN,NA,0.613,91.92,4.57,4.11,4.07,0.15,8.33,37.86,3.32,0.2,1.23,0.18,1.34,0,0.02,0.13,0.32,0.52
P1,B,10,MIN,NA,0.636,95.47,4.62,4.28,3.22,0.08,9.85,24.49,5.18,0,4.39,0.27,1.27,0,0.02,0.12,0.29,0.47
P1,C,3,MIN,NA,NA,NA,4.59,NA,NA,NA,NA,NA,NA,NA,NA,NA,0.88,0,0.02,0.07,0.34,0.61
P1,C,5,MIN,NA,NA,NA,4.86,NA,NA,NA,NA,NA,NA,NA,NA,NA,1.12,0,0,0.12,0.31,0.47
P1,C,7,MIN,NA,NA,NA,4.63,NA,NA,NA,NA,NA,NA,NA,NA,NA,1.24,0,0,0.13,0.34,0.56
P1,C,9,MIN,NA,NA,NA,4.67,NA,NA,NA,NA,NA,NA,NA,NA,NA,1.13,0,0.01,0.08,0.35,0.61
P1,D,2,MIN,NA,0.766,114.97,4.53,4.11,3.07,0.08,7.48,39.4,5.07,0.23,3.98,0.95,0.8,0,0.01,0.14,0.4,0.62
P1,D,3,MIN,NA,0.816,122.38,4.69,4.22,3.44,0.06,7.31,22.25,4.34,0.19,1.9,1.25,0.76,0,0,0.08,0.3,0.5
P1,D,4,MIN,NA,0.673,100.88,4.63,4.16,3.57,0.1,7.7,12.81,4.33,0.11,4.83,0.89,1.24,0,0,0.1,0.27,0.54
P1,D,5,MIN,NA,0.762,114.23,4.5,4.03,4.19,0.11,7.91,32.24,1.93,0.2,5.13,0.72,1.16,0,0.01,0.09,0.25,0.47
P1,D,6,MIN,NA,0.738,110.64,4.55,4.24,3.66,0.09,7.47,13.47,3.67,0.28,1.24,-0.12,1.11,0,0,0.11,0.25,0.42
P1,D,7,MIN,NA,0.817,122.48,4.72,4.25,3.05,0.07,7.17,21.01,4.22,0.11,1.15,0.44,1.01,0,0.01,0.08,0.32,0.53
P1,D,8,MIN,NA,0.68,102,4.77,4.2,3.26,0.11,8.15,11.95,7.39,0.61,-2.23,0.36,1.34,0,0.01,0.11,0.38,0.56
P1,D,9,MIN,NA,0.74,111.04,3.96,3.98,4.49,0.11,10.05,22.33,8.13,0.17,-0.19,1.05,1.08,0,0.01,0.11,0.4,0.65
P1,D,10,MIN,NA,0.723,108.41,4.66,4.27,NA,NA,11.89,7.65,4.21,0,5.26,0.53,1.95,0,0.02,0.12,0.42,0.62
P1,E,3,MIN,NA,NA,NA,4.64,NA,NA,NA,NA,NA,NA,NA,NA,NA,1.69,0,0.03,0.11,0.33,0.65
P1,E,5,MIN,NA,NA,NA,4.53,NA,NA,NA,NA,NA,NA,NA,NA,NA,1.14,0,0,0.05,0.24,0.35
P1,E,7,MIN,NA,NA,NA,4.75,NA,NA,NA,NA,NA,NA,NA,NA,NA,1.3,0,0,0.05,0.35,0.5
P1,E,9,MIN,NA,NA,NA,4.64,NA,NA,NA,NA,NA,NA,NA,NA,NA,2.13,0,0,0.08,0.49,0.69
P1,F,2,MIN,NA,0.729,109.41,4.48,4.25,NA,NA,7.63,7.12,6.6,0.64,1.44,0.86,1.06,0,0,0.09,0.39,0.7
P1,F,3,MIN,NA,0.685,102.81,4.45,4.19,3.41,0.19,8.17,8.06,3.13,0.59,-1.34,0.44,1.14,0,0,0.07,0.43,0.6
P1,F,4,MIN,NA,0.772,115.77,4.91,4.36,2.58,0.13,6.65,16.32,6,0.45,-1.72,1.18,0.97,0.01,0.01,0.11,0.29,0.51
P1,F,5,MIN,NA,0.652,97.8,4.58,4.26,3.33,0.13,6.36,15.85,3.32,0.84,-2.63,-0.84,1.13,0.03,0.02,0.17,0.28,0.64
P1,F,6,MIN,NA,0.683,102.5,4.71,4.12,3.27,0.21,6.88,8.76,4.88,0.94,-2.44,2.44,0.98,0.11,0.05,0.12,0.32,0.59
P1,F,7,MIN,NA,0.652,97.77,4.78,4.28,3.63,0.16,8.12,4.77,7.58,0.45,0.65,0.8,0.88,0.08,0.02,0.08,0.39,0.65
P1,F,8,MIN,NA,0.701,105.18,4.75,4.32,3.74,0.25,8.08,7.01,4.21,0,-1.11,0.95,1,0.08,0.02,0.04,0.48,0.62
P1,F,9,MIN,NA,0.613,91.99,4.56,4.2,6.34,0.36,15.19,19.85,13.13,0.44,-7.13,-0.02,0.63,0.08,0.07,0.17,0.7,0.98
P1,F,10,MIN,NA,0.521,78.22,4.63,4.23,3.13,0.18,8.66,15,5.87,0.61,-0.69,0.48,3.08,0.08,0.09,0.17,0.57,0.94
P2,B,2,FF,108,0.027,2.89,4.08,3.17,45.31,1.78,91.04,167.81,7.49,0,91.92,0.14,8.32,1.8,0.51,0.84,2.03,3.11
P2,B,3,FF,27.3,0.09,2.46,3.91,3,42.03,1.77,86.94,102.87,13.25,0.84,254.69,2.85,8.64,1.99,0.8,1.44,1.58,1.37
P2,B,4,FF,42.8,0.066,2.82,3.93,3.02,32.83,1.46,75.97,110.89,14.89,0.66,186.44,1.89,6.94,1.68,0.52,1.11,1.28,1.52
P2,B,5,FF,25.5,0.146,3.71,4.01,3.06,40.61,1.78,81.23,161.31,14.53,0.82,185.34,1.48,6.45,1.89,0.71,1.31,1.14,1.53
P2,B,6,FF,40,0.058,2.31,4.23,3.35,30.44,1.39,61.84,148.64,28.71,0,421.21,0,9.91,1.83,0.66,1.62,0.87,0.49
P2,B,7,FF,9.8,0.293,2.86,3.61,3,38.72,1.59,78.1,158.59,9.99,0,248.14,6.5,6.91,1.92,0.64,0.96,0.96,1.24
P2,B,8,FF,31,0.142,4.41,3.88,3.02,34.96,1.51,72.62,74.43,22.89,0.63,143.04,0.69,4.07,1.13,0.38,0.91,0.87,0.94
P2,B,9,FF,27.5,0.185,5.1,4.08,3.13,28.71,1.06,44.67,116.82,22.51,0.32,113.76,2.79,2.22,0.36,0.08,0.38,0.66,0.66
P2,B,10,FF,31.5,0.088,2.79,3.04,3.28,40.89,1.82,85.46,150.96,17.04,0,273.23,1.93,5.45,2.15,0.37,1.39,0.79,1.45
P2,C,3,FF,63.8,NA,NA,3.67,NA,NA,NA,NA,NA,NA,NA,NA,NA,5.69,1.72,0.58,0.78,1.43,2.48
P2,C,5,FF,47.5,NA,NA,3.3,NA,NA,NA,NA,NA,NA,NA,NA,NA,7.55,4.16,0.89,0.73,1.81,0.91
P2,C,7,FF,32.5,NA,NA,4.19,NA,NA,NA,NA,NA,NA,NA,NA,NA,6.65,0.56,0.13,1.13,0.9,0.98
P2,C,9,FF,33.8,NA,NA,4.07,NA,NA,NA,NA,NA,NA,NA,NA,NA,9.11,2,0.84,1.31,1.32,1.44
P2,D,2,FF,63.3,0.051,3.2,3.82,2.8,41.53,1.6,88.34,177.78,52.79,3.78,32.28,-3.78,8.16,1.62,0.61,0.72,1.73,2.47
P2,D,3,FF,26,0.049,1.28,4.08,3.2,32.86,1.08,60.71,183.62,11.52,3.93,114.08,-3.93,5.42,1.66,0.57,0.82,1.02,1.23
P2,D,4,FF,21.5,0.105,2.27,4.11,3.15,29.28,1.23,50.15,91.84,6.35,1.63,206.23,-1.63,5.87,1.58,0.62,0.74,0.82,1.62
P2,D,5,FF,22.8,0.106,2.4,3.53,2.84,44.97,1.49,86.49,155.21,12.42,0.57,227.76,-0.26,5.68,1.47,0.61,0.99,1,1.22
P2,D,6,FF,46.3,0.036,1.68,3.95,2.98,40.82,1.39,80.95,139.26,13.27,1.15,338.84,-1.15,11.35,2.22,0.82,1.46,1.11,1.53
P2,D,7,FF,53.8,0.038,2.06,4.08,3.11,37.56,1.36,81.2,141.09,13.03,1.39,161.45,-1.39,9.02,1.91,0.64,0.78,0.87,1.26
P2,D,8,FF,24.3,0.058,1.41,4.09,3.15,45.16,1.42,87.12,171,15.69,5.22,112.62,-5.22,3.51,1.05,0.34,0.55,1.1,1.47
P2,D,9,FF,26,0.06,1.57,4.05,3.09,23.8,0.95,75.75,185.42,13.17,0.96,283.92,-0.96,9.91,1.68,0.91,1,1.14,0.85
P2,D,10,FF,22.8,0.077,1.75,4.41,3.11,38.06,1.39,68.29,125.53,19.03,1.07,209.99,-1.07,7.17,1.86,0.6,1.63,0.85,1.19
P2,E,3,FF,47.5,NA,NA,3.69,NA,NA,NA,NA,NA,NA,NA,NA,NA,4.95,1.22,0.56,0.94,0.98,1.81
P2,E,5,FF,53.8,NA,NA,3.84,NA,NA,NA,NA,NA,NA,NA,NA,NA,8.52,1.27,0.56,1,1,0.6
P2,E,7,FF,28.8,NA,NA,3.87,NA,NA,NA,NA,NA,NA,NA,NA,NA,4.35,0.86,0.36,0.64,0.95,1.45
P2,E,9,FF,47.5,NA,NA,3.8,NA,NA,NA,NA,NA,NA,NA,NA,NA,4.4,1.82,0.7,0.8,0.98,1.83
P2,F,2,FF,27.3,0.096,2.62,4.14,3.22,42.72,1.4,78.4,117.08,53.01,0.57,165.34,0.65,9.22,2.41,0.66,1.02,1.28,1.32
P2,F,3,FF,30.3,0.094,2.85,4.34,3.03,42.47,1.81,84.4,184.97,32.52,1.53,238.84,-1.53,10.04,3.35,0.79,1.39,1.17,1.58
P2,F,4,FF,30.8,0.055,1.69,4.12,3.02,45.22,1.82,86.34,134.88,79.25,0.34,120.74,-0.34,4.84,1.6,0.52,0.9,1.04,1.3
P2,F,5,FF,40.5,0.07,2.85,3.79,2.86,44.62,1.67,90.49,147.15,41.89,0.91,152.42,1.03,11.83,1.67,0.58,1.38,1.22,1.28
P2,F,6,FF,42.8,0.087,3.71,3,2.8,47.72,1.75,92.82,110.68,357.62,5.31,-53.09,-2.92,5.25,1.56,0.43,0.84,1.42,2.06
P2,F,7,FF,49.3,0.055,2.71,4.13,2.93,47.55,1.75,93.88,153.63,231.62,2.54,187.28,-2.54,9.22,1.9,0.7,1.7,0.84,2.36
P2,F,8,FF,47.8,0.059,2.82,3.96,2.84,45.8,1.93,90.33,148.84,175.11,3.37,11.21,-3.37,5.02,1.62,0.5,0.55,0.89,1.58
P2,F,9,FF,31,0.051,1.57,3.79,3.01,46.92,1.92,91,153.1,302.44,3.53,16.15,-2.2,3.48,2.46,0.45,1,1.17,0.46
P2,F,10,FF,30,0.052,1.55,4.05,3.21,37.54,1.76,74.61,117.19,285.42,5.06,145.73,-5.06,7.44,2.49,0.71,1.63,0.84,1.55
P2,B,2,MIN,NA,0.508,76.25,4.37,3.92,7.15,0.31,16.53,9.6,5.36,0.24,-0.01,-0.14,1.82,0.01,0.01,0.1,0.76,0.87
P2,B,3,MIN,NA,0.5,74.95,4.49,4.1,4.7,0.21,11.19,11.26,2.85,0.29,3.51,0.05,1.43,0.04,0.01,0.1,0.81,0.66
P2,B,4,MIN,NA,0.569,85.38,4.48,4.22,4.09,0.21,9.25,22.5,6.71,0,-1.06,0,1.15,0,0,0.06,0.54,0.59
P2,B,5,MIN,NA,0.513,76.97,4.43,4,NA,NA,10.96,10.45,2.55,0.05,2.92,0.41,1.23,0,0.01,0.1,0.51,0.52
P2,B,6,MIN,NA,0.674,101.11,4.39,4.07,4.08,0.29,9.96,14.36,4.72,0,1.31,0.4,1.15,0.04,0.01,0.09,0.44,1.74
P2,B,7,MIN,NA,0.657,98.55,4.55,4.11,3.47,0.13,9.13,15.82,5.84,0.24,2.09,0.25,1.28,0,0,0.09,0.44,0.5
P2,B,8,MIN,NA,0.739,110.88,4.57,4.42,NA,NA,7.82,9.93,0.44,0,3.93,0.42,1.16,0,0,0.17,0.43,0.61
P2,B,9,MIN,NA,0.859,128.83,4.68,4.44,2.34,0.13,7.24,10.33,0,0.07,8.55,0.32,1.02,0,0,0.12,0.37,0.48
P2,B,10,MIN,NA,0.92,137.95,4.01,4.19,2.78,0.12,4.97,24.57,1.87,0.04,2.58,0.02,0.8,0,0,0.06,0.25,0.41
P2,C,3,MIN,NA,NA,NA,4.53,NA,NA,NA,NA,NA,NA,NA,NA,NA,2.48,0,0,0.11,0.6,0.63
P2,C,5,MIN,NA,NA,NA,4.5,NA,NA,NA,NA,NA,NA,NA,NA,NA,1.6,0,0,0.09,0.51,0.62
P2,C,7,MIN,NA,NA,NA,4.61,NA,NA,NA,NA,NA,NA,NA,NA,NA,1.09,0,0,0.13,0.52,0.65
P2,C,9,MIN,NA,NA,NA,4.5,NA,NA,NA,NA,NA,NA,NA,NA,NA,1.22,0,0,0.13,0.43,0.55
P2,D,2,MIN,NA,0.477,71.56,4.04,3.53,7.82,0.28,15.76,4.46,1.01,0.47,8.18,-0.01,2.16,0,0.01,0.21,0.75,0.81
P2,D,3,MIN,NA,0.633,94.89,4.27,3.79,5.44,0.25,10.71,3.71,7.23,0.92,-0.29,-0.13,2.53,0,0,0.16,0.58,0.65
P2,D,4,MIN,NA,0.665,99.81,4.35,4.02,3.99,0.21,9.15,14.48,0.66,0,4.47,0.65,1,0.02,0.01,0.08,0.5,0.61
P2,D,5,MIN,NA,0.535,80.31,4.12,3.78,6.62,0.3,11.4,5.26,1.6,0.07,6.11,0.89,1.41,0.05,0.03,0.11,0.5,0.63
P2,D,6,MIN,NA,0.628,94.17,4.49,4.08,3.11,0.13,8.02,5.87,1.01,0,4.76,1.04,1.24,0.25,0.02,0.14,0.46,0.57
P2,D,7,MIN,NA,0.652,97.78,4.58,4.14,3.37,0.14,8.51,5.93,3.97,0.18,6.87,0.66,1.26,0.03,0.03,0.12,0.59,0.71
P2,D,8,MIN,NA,0.707,106.04,4.45,4.15,4.46,0.14,8.26,13.86,3.18,1.96,0.72,-1.27,0.86,0.06,0.02,0.09,0.52,0.6
P2,D,9,MIN,NA,0.569,85.34,4.48,4.06,3.55,0.18,9.96,14.49,2.32,0.27,3.93,0.75,1.28,0.09,0.05,0.15,0.44,0.56
P2,D,10,MIN,NA,0.822,123.36,4.59,4.49,2.48,0.13,6.7,6.44,2.58,0,-0.04,0.8,1.05,0.01,0.01,0.1,0.35,0.5
P2,E,3,MIN,NA,NA,NA,4.52,NA,NA,NA,NA,NA,NA,NA,NA,NA,0.92,0,0.03,0.07,0.34,0.66
P2,E,5,MIN,NA,NA,NA,4.43,NA,NA,NA,NA,NA,NA,NA,NA,NA,0.96,0.01,0.01,0.12,0.42,0.52
P2,E,7,MIN,NA,NA,NA,4.55,NA,NA,NA,NA,NA,NA,NA,NA,NA,1.07,0.04,0.04,0.09,0.44,0.66
P2,E,9,MIN,NA,NA,NA,4.57,NA,NA,NA,NA,NA,NA,NA,NA,NA,1.19,0.02,0.04,0.1,0.49,0.25
P2,F,2,MIN,NA,0.679,101.84,4.35,4.03,4.55,0.19,10.15,0,2.73,0,4.16,0,1.81,0,0.09,0.13,0.56,0.72
P2,F,3,MIN,NA,0.589,88.42,4.28,3.85,4.18,0.18,12.04,24.49,14.99,0.15,-6.62,0.2,1.79,0,0.02,0.15,0.51,0.86
P2,F,4,MIN,NA,0.633,94.97,4.5,3.84,4.27,0.1,9.32,12.33,3.21,0,5.15,1.58,1.9,0,0.05,0.11,0.43,0.6
P2,F,5,MIN,NA,0.587,88.09,4.36,3.87,4.18,0.18,9.47,8.92,9.37,0,-5.04,0,1.1,0.01,0.02,0.14,0.38,0.75
P2,F,6,MIN,NA,0.67,100.51,4.09,3.57,3.58,0.08,10.84,12.57,3.88,0,1.07,0.13,2.2,0.06,0.08,0.18,0.42,0.72
P2,F,7,MIN,NA,0.614,92.13,4.47,3.89,5.04,0.18,10.36,18.34,4.09,0.03,-1.51,0.2,2.34,0.06,0.04,0.19,0.52,0.75
P2,F,8,MIN,NA,0.605,90.69,4.39,3.97,3.95,0.15,11.79,11.31,15.76,0.04,-7.42,-0.04,1.33,0,0.1,0.13,0.51,0.66
P2,F,9,MIN,NA,0.653,97.94,4.39,4,3.77,0.11,9.76,9.35,4.11,0,9.11,0.46,1.52,0,0.06,0.13,0.53,1.21
P2,F,10,MIN,NA,0.721,108.13,4.68,4.28,3.79,0.11,9.91,21.47,15.45,0.03,-12.19,-0.01,1.56,0,0.05,0.14,0.51,0.72
S1,B,2,FF,33.8,0.124,4.17,3.56,2.71,46.76,1.59,90.6,102.36,4.7,1.02,224.83,-1.02,4.66,1.17,0.75,1.06,1.32,1.83
S1,B,3,FF,54.3,0.075,4.09,3.75,2.86,43.34,1.63,81.72,113.39,4.85,0,137.73,0,7.38,3.3,0.8,1.57,1.18,2.48
S1,B,4,FF,57.5,0.084,4.85,3.21,2.89,46.56,1.63,89.58,165.05,12.47,0,109.27,0,10.48,2.54,0.67,0.9,1.11,1.69
S1,B,5,FF,52.8,0.067,3.52,3.93,2.98,42.09,1.69,85.96,147.8,25.29,0.5,230.04,-0.5,8.23,1.87,0.85,1.15,1.13,1.84
S1,B,6,FF,77.5,0.055,4.25,3.67,2.96,35.69,1.18,77.59,92.56,5.9,0,155.93,0,5.68,0.46,0.2,0.72,1.24,1.97
S1,B,7,FF,42.3,0.116,4.89,4.08,3.1,35.53,1.09,62.49,52.65,7.81,1.08,51.31,1.52,7.73,2.53,0.76,1.15,1.25,1.85
S1,B,8,FF,42.5,0.092,3.9,3.77,2.89,43.87,1.55,85.35,128.61,2.76,0,99.52,0,9.68,2.02,0.72,1.67,1.03,1.51
S1,B,9,FF,80.3,0.088,7.05,3.64,2.82,42.03,1.29,87.03,116.16,0,1.02,66.14,-1.02,3.51,1.59,0.64,1.37,1.12,2.85
S1,B,10,FF,16.3,0.321,5.21,3.78,3.55,24.38,0.75,49,50.79,4.85,0.1,59.74,-0.1,8.86,3.39,0.84,1.46,0.85,2.88
S1,C,3,FF,53.8,NA,NA,4.01,NA,NA,NA,NA,NA,NA,NA,NA,NA,6.56,1.38,0.82,1.52,1.15,3.31
S1,C,5,FF,71.3,NA,NA,4.59,NA,NA,NA,NA,NA,NA,NA,NA,NA,2.75,0.76,0.21,0.72,0.91,0.85
S1,C,7,FF,51.3,NA,NA,3.43,NA,NA,NA,NA,NA,NA,NA,NA,NA,6.04,0.88,0.31,0.63,1.02,1.13
S1,C,9,FF,80,NA,NA,3.92,NA,NA,NA,NA,NA,NA,NA,NA,NA,12.13,1.74,0.82,1.71,1.52,2.76
S1,D,2,FF,45,0.052,2.34,3.99,3.18,36.52,1.29,73.09,73.62,12.12,1.28,264.36,0.84,3.2,1.47,0.33,0.58,0.76,2.82
S1,D,3,FF,36.3,0.046,1.65,4,3.05,NA,NA,68.92,63.84,38.76,0.19,68.93,-0.19,3.54,0.66,0.25,0.54,0.79,1.99
S1,D,4,FF,61.3,0.049,3.01,3.34,2.98,43.63,1.66,80.57,123.06,14.2,0,65.2,0,6.09,1.78,0.63,1.16,1.02,2.14
S1,D,5,FF,61.3,0.027,1.65,4.38,3.29,40.5,1.92,82.9,138.94,107.76,3.13,158.7,-3.13,14.23,1.37,0.51,0.66,1.06,2.45
S1,D,6,FF,34.8,0.059,2.04,3.98,2.99,31.81,1.15,72.63,92.61,13.7,0.36,125.45,-0.36,7.64,1.73,0.75,1.16,1.13,2.02
S1,D,7,FF,72.8,0.04,2.91,3.58,3.18,20.9,0.82,49.85,64.18,9.75,1.26,156.9,-1.26,12.94,0.75,0.28,1.34,0.73,0.85
S1,D,8,FF,24,0.177,4.24,3.63,3.17,22.22,0.84,44.69,19.64,7.35,0.13,68.92,-0.13,10.94,3.61,0.87,1.3,0.79,1.08
S1,D,9,FF,52.3,0.09,4.72,3.44,2.84,48.43,1.88,93.19,159.16,8.58,0.11,137.68,-0.11,3.63,2.49,0.91,1.66,1.09,1.94
S1,D,10,FF,45.8,0.089,4.08,3.84,2.72,48.85,1.76,96.09,141.4,10.75,0,96.36,0,4.69,2.33,0.82,1.43,1.53,1.56
S1,E,3,FF,85,NA,NA,3.76,NA,NA,NA,NA,NA,NA,NA,NA,NA,7.57,1.67,0.8,1.64,1.05,2.62
S1,E,5,FF,92.5,NA,NA,4.03,NA,NA,NA,NA,NA,NA,NA,NA,NA,6.41,1.33,0.62,1.15,1.14,2.52
S1,E,7,FF,65,NA,NA,3.97,NA,NA,NA,NA,NA,NA,NA,NA,NA,6.48,0.83,0.71,1.62,0.97,2.08
S1,E,9,FF,83.8,NA,NA,4.03,NA,NA,NA,NA,NA,NA,NA,NA,NA,8.05,0.92,0.68,1.35,1.25,2.33
S1,F,2,FF,36,0.143,5.15,3.89,2.98,44.55,1.3,91,145.76,0,0,191.65,4.41,5.41,1.87,0.68,1.51,1.06,3.18
S1,F,3,FF,94.8,0.069,6.5,3.09,2.75,46.33,1.61,88.93,162.4,19,0,64.14,0,7.15,1.39,0.81,1.79,1.37,3.05
S1,F,4,FF,96,0.061,5.82,3.94,2.72,47.38,1.69,92.22,158.02,15.64,0.92,61.41,-0.92,7.83,1.52,0.7,1.42,1.51,2.06
S1,F,5,FF,73.8,0.057,4.19,3.58,2.65,48.42,1.77,93.99,116.85,12.85,0,58.84,0.98,4.18,1.08,0.54,0.97,1.69,3
S1,F,6,FF,59,0.046,2.72,3.72,2.89,43.88,1.63,89,160.6,18.38,0,322.51,4.52,3.96,1.03,0.4,0.95,1.31,2.94
S1,F,7,FF,71,0.061,4.33,2.72,2.6,48.03,1.73,95.03,138.47,14.08,0,39.43,0.56,8.45,0.64,0.82,1.12,1.76,3.53
S1,F,8,FF,78.5,0.071,5.61,3.21,2.66,47.02,1.68,89.5,114.6,3.49,0.39,43.73,2.33,7.68,1.06,0.87,0.89,1.3,1.97
S1,F,9,FF,44.8,0.064,2.86,3.52,2.8,45.73,1.56,87.62,95.33,10.72,0.11,72.83,0,7.72,1.62,0.91,1.14,1.25,2.33
S1,F,10,FF,83,0.072,5.99,3.6,2.66,48.7,1.62,96.01,103,8.26,0,12.31,0,11.75,0.87,0.85,1.43,1.96,3.31
S1,B,2,MIN,NA,0.612,91.74,3.61,3.76,5.16,0.16,10.35,1.82,0.97,0,2.97,0.92,1.45,0,0.02,0.12,0.38,0.54
S1,B,3,MIN,NA,0.611,91.7,4.41,4.1,3.59,0.06,8.69,0.3,0,0.01,4.33,0.57,1.31,0,0.02,0.2,0.36,0.51
S1,B,4,MIN,NA,0.639,95.92,4.36,3.94,2.62,0.04,6.95,0,1.93,0,10.96,0,1.37,0,0.02,0.11,0.33,0.59
S1,B,5,MIN,NA,0.626,93.9,4.42,3.87,3.72,0.03,9.45,1.32,0,0.09,6.19,0.66,1.82,0,0.02,0.14,0.35,0.51
S1,B,6,MIN,NA,0.603,90.52,4,3.74,4.48,0.05,8.69,34.24,0,0,3.12,0.42,1.34,0,0,0.09,0.37,0.55
S1,B,7,MIN,NA,0.566,84.97,4.2,3.86,4.23,0.1,11.59,4.89,0.14,0.03,7.79,0.52,1.5,0.03,0.03,0.09,0.4,0.33
S1,B,8,MIN,NA,0.704,105.61,4.19,3.96,3.7,0.7,10.13,0.3,0,0.51,3.41,1.68,2.06,0.02,0.02,0.11,0.39,0.59
S1,B,9,MIN,NA,0.811,121.66,4.39,4.08,2.16,0,6.45,1.43,0,0,4.71,0.78,1.71,0.04,0.01,0.12,0.3,0.48
S1,B,10,MIN,NA,0.674,101.12,3.97,3.85,6.39,0.18,8.82,8.79,0,0.12,9.96,2.03,1.95,0.02,0.04,0.14,0.34,0.56
S1,C,3,MIN,NA,NA,NA,4.54,NA,NA,NA,NA,NA,NA,NA,NA,NA,1.54,0.01,0.01,0.09,0.36,0.55
S1,C,5,MIN,NA,NA,NA,4.71,NA,NA,NA,NA,NA,NA,NA,NA,NA,2.52,0.06,0.04,0.17,0.37,0.6
S1,C,7,MIN,NA,NA,NA,4.65,NA,NA,NA,NA,NA,NA,NA,NA,NA,2.16,0.02,0.02,0.06,0.29,0.57
S1,C,9,MIN,NA,NA,NA,4.56,NA,NA,NA,NA,NA,NA,NA,NA,NA,2.29,0.03,0.02,0.12,0.32,0.47
S1,D,2,MIN,NA,0.64,96.05,3.88,4.16,2.73,0.02,7.4,0,1.89,0,13.85,0.21,0.77,0.03,0,0.08,0.31,0.64
S1,D,3,MIN,NA,0.76,114.02,4.09,4.33,3.07,0,9.41,0.04,2.12,0.11,14.34,-0.11,1.4,0.02,0,0.06,0.35,0.62
S1,D,4,MIN,NA,0.511,76.59,4.03,3.65,6.68,0.24,18.48,7.5,0.44,0,4.3,0,2.01,0.04,0.02,0.1,0.36,0.6
S1,D,5,MIN,NA,0.621,93.19,4.29,4,3.79,0.23,9.6,1.15,4.04,0,3.69,0,1.65,0.03,0.01,0.08,0.36,0.57
S1,D,6,MIN,NA,0.803,120.42,4.19,4.13,3.39,0.19,7.39,0.77,0.05,0,0.57,0,1.83,0.03,0.01,0.09,0.35,0.56
S1,D,7,MIN,NA,0.645,96.82,4.65,4.25,2.87,0.13,9.67,0.37,3.11,0,3.88,0.07,1.14,0.03,0.02,0.1,0.34,0.58
S1,D,8,MIN,NA,0.589,88.34,4.43,4.03,3.84,0.12,8.92,1.84,0,0,1.4,0,1.08,0.02,0.01,0.1,0.35,0.54
S1,D,9,MIN,NA,0.731,109.58,4.16,3.98,3.95,0.15,8.96,22.79,1.76,0,-1.76,0,0.87,0.04,0,0.09,0.34,0.49
S1,D,10,MIN,NA,0.531,79.72,4.22,3.69,4.84,0.23,10.69,11.01,0.86,0.09,4.2,-0.09,2.57,0.04,0,0.09,0.37,0.5
S1,E,3,MIN,NA,NA,NA,4.73,NA,NA,NA,NA,NA,NA,NA,NA,NA,1.92,0,0,0.09,0.35,0.55
S1,E,5,MIN,NA,NA,NA,4.33,NA,NA,NA,NA,NA,NA,NA,NA,NA,2.37,0.05,0,0.11,0.46,0.69
S1,E,7,MIN,NA,NA,NA,4.88,NA,NA,NA,NA,NA,NA,NA,NA,NA,1.08,0.04,0.01,0.08,0.39,0.58
S1,E,9,MIN,NA,NA,NA,4.56,NA,NA,NA,NA,NA,NA,NA,NA,NA,1.79,0.03,0.01,0.11,0.38,0.51
S1,F,2,MIN,NA,0.777,116.52,4.28,3.96,3.26,0.14,9.6,0,1.63,0.33,3.92,-0.33,1.7,0.03,0.01,0.07,0.38,0.79
S1,F,3,MIN,NA,0.645,96.79,4.22,3.77,3.81,0.1,10.92,7.75,2.71,0,8.36,0,1.21,0.05,0.03,0.1,0.38,0.61
S1,F,4,MIN,NA,0.502,75.28,4.26,3.83,4.32,0.22,11.64,3.31,1.6,0,7.07,1.48,4.68,0.04,0.01,0.09,0.46,0.94
S1,F,5,MIN,NA,0.624,93.64,4.19,3.68,6,0.21,14.76,0,1.68,0.34,1.94,-0.34,1.16,0.02,0.02,0.12,0.5,0.65
S1,F,6,MIN,NA,0.625,93.76,4.4,4.11,4.37,0.16,11.72,0.04,2.15,0.22,23.73,8.3,1.81,0,0.01,0.13,0.56,0.8
S1,F,7,MIN,NA,0.361,54.1,4.27,3.84,7.39,0.3,17.04,4.84,2.41,0,2.21,0.64,1.62,0,0.01,0.13,0.59,0.71
S1,F,8,MIN,NA,0.609,91.4,4.01,3.65,5.48,0.18,14.63,1.25,0,0.1,7.18,-0.1,1.59,0,0.03,0.18,0.56,0.8
S1,F,9,MIN,NA,0.589,88.35,4.39,4.21,3.51,0.11,9.35,1.91,1.35,0.23,-0.07,-0.23,1.29,0,0.02,0.08,0.51,0.69
S1,F,10,MIN,NA,0.54,80.95,3.8,3.45,7.28,0.25,13.01,4.84,1.38,0.09,6.18,0.29,1.28,0.01,0.03,0.09,0.65,0.8
S2,B,2,FF,36,0.055,1.97,2.43,2.88,45.06,1.68,80.81,203.44,25.93,1.04,309.5,3.33,7.72,3.06,0.97,2.07,1.48,2.63
S2,B,3,FF,33.8,0.078,2.63,3.42,2.86,47.7,1.93,94.46,147.86,22.8,0.03,170.02,3.07,7.63,1.8,0.97,1.36,1.17,2.89
S2,B,4,FF,32.8,0.078,2.54,3.78,3,48.52,1.85,93.08,201.69,20.58,1.07,191.83,1.11,6.89,1.4,0.83,1.62,1.01,2.64
S2,B,5,FF,53.3,0.062,3.28,3.76,2.83,47.98,1.78,91.36,192.69,23.01,0,47.53,5.8,8.38,1.81,0.77,1.75,1.48,2.41
S2,B,6,FF,40.8,0.085,3.46,3.64,2.86,47.1,1.78,92.56,186.31,26.44,0,134.01,1.8,9.88,1.07,0.61,1.29,1.09,3.17
S2,B,7,FF,34.3,0.136,4.65,3.16,2.86,34.55,1.31,65.47,99.87,48.21,0,-1.22,2.59,8,2.15,0.87,1.82,1.04,1.54
S2,B,8,FF,27.8,0.122,3.38,3,2.71,48.02,1.48,92.09,191.13,11.46,0.34,146.48,-0.34,7.51,1.85,0.88,1.54,1.27,3.74
S2,B,9,FF,53.8,0.065,3.5,3.6,2.86,46.46,1.78,91.03,136.44,17.7,0.59,108.63,-0.06,11.13,1.98,0.87,1.64,1.27,2.78
S2,B,10,FF,103.5,0.046,4.81,3.75,2.72,48.87,1.57,95.21,235.53,12.28,0,11.91,0.75,11.45,1.67,0.99,1.72,1.96,3.08
S2,C,3,FF,51.3,NA,NA,4.12,NA,NA,NA,NA,NA,NA,NA,NA,NA,5.31,1.7,0.86,1.5,1.02,3.17
S2,C,5,FF,76.3,NA,NA,3.83,NA,NA,NA,NA,NA,NA,NA,NA,NA,10.29,2.06,1.16,1.54,1.68,3.57
S2,C,7,FF,57.5,NA,NA,3.83,NA,NA,NA,NA,NA,NA,NA,NA,NA,10.14,1.28,0.36,1.18,1.06,4.22
S2,C,9,FF,67.5,NA,NA,3.84,NA,NA,NA,NA,NA,NA,NA,NA,NA,10.48,2.34,0.85,1.65,1.5,1.51
S2,D,2,FF,41.3,0.056,2.31,4.01,3.1,45.79,1.73,87.08,179.25,21.71,12.88,39.46,-12.88,3.51,1.11,0.63,0.37,0.96,2.08
S2,D,3,FF,45.3,0.028,1.29,3.35,2.72,50.08,1.75,96.45,169.99,19.06,0,390.45,1.12,2.48,1.18,0.69,0.36,0.88,2.57
S2,D,4,FF,25.8,0.162,4.17,3.81,2.86,39.93,1.02,75.56,89.64,8.36,1.18,131.53,-0.9,10.16,0.73,0.39,0.26,1.39,1.87
S2,D,5,FF,74.3,0.032,2.36,3.61,2.82,44.78,1.52,86.86,167.69,17.22,0.29,134.13,0.18,11.46,1.29,0.85,0.29,1.79,2.09
S2,D,6,FF,42,0.12,5.02,3.23,2.01,44.54,1.64,75.23,136.11,14.34,0,132.3,1.47,13.65,0.92,0.79,0.58,1.28,3.16
S2,D,7,FF,82,0.037,3.06,4,2.96,37.32,1.26,78.18,155.75,11.42,0.06,51.6,0.08,12.79,1.43,0.85,0.44,1.03,2.78
S2,D,8,FF,28.3,0.093,2.63,3.28,2.72,38.17,1.32,57.24,110.37,12.97,0.19,176.86,-0.19,8.98,1.51,0.61,0.37,0.93,2.89
S2,D,9,FF,58.3,0.05,2.89,3.77,2.14,47.44,1.84,93.55,191.95,13.8,0.48,70.98,0.27,8.63,0.85,0.62,0.35,1.11,2.27
S2,D,10,FF,42.5,0.072,3.06,3.71,2.78,41.46,1.61,89.22,173.42,26.03,0,104.69,1.73,7.48,1.91,0.82,0.45,1.1,2.01
S2,E,3,FF,70,NA,NA,3.82,NA,NA,NA,NA,NA,NA,NA,NA,NA,7.98,1.23,0.74,1.63,1.35,3.28
S2,E,5,FF,85,NA,NA,3.91,NA,NA,NA,NA,NA,NA,NA,NA,NA,4.98,0.9,0.46,0.9,1.27,2.92
S2,E,7,FF,31.3,NA,NA,3.71,NA,NA,NA,NA,NA,NA,NA,NA,NA,5.97,0.97,0.42,1.21,1.11,2.18
S2,E,9,FF,93.8,NA,NA,4.02,NA,NA,NA,NA,NA,NA,NA,NA,NA,8.52,1.3,0.66,0.09,1.12,3.17
S2,F,2,FF,43.5,0.09,3.92,3.66,2.85,39.12,1.34,79.48,96.44,176.64,0,-140.05,1.96,8.46,1.12,0.81,1.32,1.27,2.84
S2,F,3,FF,56.3,0.087,4.89,3.62,2.62,48.5,1.68,92.01,102.17,6.96,0.24,77.47,2.42,6.71,0.82,0.59,0.99,1.14,2.93
S2,F,4,FF,61.8,0.059,3.65,3.8,2.95,NA,NA,86.28,142.21,20.87,0,37.7,0,5.62,0.53,0.24,0.66,1.39,2.78
S2,F,5,FF,68,0.062,4.19,3.64,2.86,45.9,1.5,82.21,220.62,14.16,0.25,103.14,-0.25,8.37,1.25,0.88,1.25,1.43,3.13
S2,F,6,FF,84,0.069,5.76,3.55,2.64,47.88,1.88,91.56,160.7,16.68,0,74.18,2.54,7.06,1.31,1.14,1.31,1.48,3.17
S2,F,7,FF,59.3,0.069,4.1,3.46,2.66,47.03,1.68,89.65,108.53,18.3,0,73.53,1.27,7.53,1.67,0.49,1.46,1.25,2.46
S2,F,8,FF,38.3,0.099,3.79,3.78,3,NA,NA,41.53,23.7,0,0.49,92.3,-0.49,8.95,0.49,0.29,0.88,1.02,1.74
S2,F,9,FF,47,0.095,4.47,3.57,2.64,48.04,1.77,92.81,138.33,5.51,0,87.11,3.01,8.41,0.91,0.48,1.32,1.3,2.78
S2,F,10,FF,49.8,0.102,5.07,3.91,2.74,46.26,1.75,91.21,197.98,18.97,0,53.82,0,9.36,1.48,0.83,1.85,1.48,2.79
S2,B,2,MIN,NA,0.757,113.59,4.33,3.9,3.99,0.14,8.51,9.52,1.84,0.12,4.65,-0.12,1.64,0,0.02,0.15,0.37,0.55
S2,B,3,MIN,NA,0.608,91.17,4.29,4.03,2.73,0.07,9.08,2.15,1.93,0.43,8.8,-0.39,1.18,0.02,0.01,0.16,0.5,0.65
S2,B,4,MIN,NA,0.599,89.88,4.18,3.98,4.94,0.22,10.51,14.64,2.61,0.56,5.01,-0.01,1.41,0,0.02,0.12,0.35,0.63
S2,B,5,MIN,NA,0.585,87.68,3.98,3.59,6.21,0.18,10.29,26.6,0.47,0.23,3.13,0.05,1.75,0,0.03,0.13,0.45,0.65
S2,B,6,MIN,NA,0.685,102.73,4.1,3.76,5.12,0.16,12,37.38,2.8,0.22,7.51,-0.22,2.51,0.07,0.03,0.23,0.46,0.85
S2,B,7,MIN,NA,0.495,74.22,4.2,3.74,9.63,0.35,13.59,33.25,23.33,0,-8.02,1.79,1.52,0,0.01,0.18,0.42,0.54
S2,B,8,MIN,NA,0.503,75.48,4.17,3.86,4.4,0.1,10.35,25.54,2.58,0.25,8.54,-0.25,1.27,0,0.01,0.1,0.33,0.61
S2,B,9,MIN,NA,0.594,89.07,4,3.65,5.84,0.24,11.03,49.45,1.67,0.24,0.96,-0.24,1.52,0.01,0.02,0.14,0.39,0.69
S2,B,10,MIN,NA,0.656,98.47,4.29,3.87,4.5,0.13,8.17,52.85,1.04,0.25,9.43,1.04,1.82,0.02,0.01,0.13,0.49,0.62
S2,C,3,MIN,NA,NA,NA,4.63,NA,NA,NA,NA,NA,NA,NA,NA,NA,1.13,0,0.01,0.11,0.44,0.62
S2,C,5,MIN,NA,NA,NA,4.67,NA,NA,NA,NA,NA,NA,NA,NA,NA,1.74,0.04,0.05,0.17,0.58,0.95
S2,C,7,MIN,NA,NA,NA,4.81,NA,NA,NA,NA,NA,NA,NA,NA,NA,1.07,0,0.01,0.09,0.32,0.7
S2,C,9,MIN,NA,NA,NA,4.63,NA,NA,NA,NA,NA,NA,NA,NA,NA,1.29,0,0.01,0.15,0.4,0.61
S2,D,2,MIN,NA,0.517,77.49,4.33,3.72,7.17,0.23,13.88,34.13,1.47,0.15,2.8,0.14,1.32,0,0.02,0.16,0.53,0.78
S2,D,3,MIN,NA,0.654,98.13,4.02,3.69,4.38,0.21,10.22,4.25,5.04,0.27,-2.45,0.24,1.24,0,0,0.1,0.44,0.64
S2,D,4,MIN,NA,0.578,86.75,4.24,3.81,3.7,0.13,10.59,26.08,2.99,0.14,4.22,0.85,1.03,0.09,0.01,0.12,0.45,0.56
S2,D,5,MIN,NA,0.724,108.54,4.26,3.91,4.35,0.17,9.54,7.18,2.29,0.23,-2.08,0.21,1.53,0.11,0.02,0.12,0.44,0.7
S2,D,6,MIN,NA,0.6,90.04,4.15,3.55,5.74,0.22,13.59,4.83,2.02,0.3,5.87,0.18,1.51,0.08,0.01,0.14,0.44,0.65
S2,D,7,MIN,NA,0.763,114.52,4.51,4.27,2.89,0.08,6.65,3.32,1.82,0.1,-1.31,-0.1,1.32,0.07,0.01,0.08,0.34,0.8
S2,D,8,MIN,NA,0.717,107.5,4.48,3.95,8.64,0.24,8.52,10.37,1.89,0.41,1.07,-0.09,1.53,0.1,0.02,0.17,0.36,0.61
S2,D,9,MIN,NA,0.556,83.41,4.36,3.86,5.27,0.17,9.53,12.74,1.25,0.24,0.48,0.18,1.34,0.07,0.01,0.13,0.4,0.61
S2,D,10,MIN,NA,0.668,100.24,4.32,3.79,NA,NA,11.98,23.84,2.23,0.25,4.36,-0.25,1.87,0.07,0.02,0.15,0.46,0.68
S2,E,3,MIN,NA,NA,NA,4.34,NA,NA,NA,NA,NA,NA,NA,NA,NA,2.01,0,0.03,0.32,0.65,0.83
S2,E,5,MIN,NA,NA,NA,4.3,NA,NA,NA,NA,NA,NA,NA,NA,NA,0.99,0.06,0.01,0.11,0.48,0.69
S2,E,7,MIN,NA,NA,NA,4.63,NA,NA,NA,NA,NA,NA,NA,NA,NA,2,0.22,0.06,0.1,0.32,0.61
S2,E,9,MIN,NA,NA,NA,4.47,NA,NA,NA,NA,NA,NA,NA,NA,NA,1.91,0.22,0.03,0.13,0.45,0.78
S2,F,2,MIN,NA,0.694,104.15,4.29,4.05,4,0.12,9.61,0.84,2.73,0,8.44,0.73,1.84,0.02,0.03,0.16,0.54,0.93
S2,F,3,MIN,NA,0.639,95.87,4.29,3.76,3.44,0.13,8.65,1.69,1.14,0,13.21,0.38,1.55,0.06,0.05,0.14,0.4,0.71
S2,F,4,MIN,NA,0.686,102.88,4.23,3.82,3.45,0.13,8.59,9.92,2.04,0.52,4.51,-0.11,1.42,0.07,0.01,0.09,0.41,0.62
S2,F,5,MIN,NA,0.635,95.22,3.73,3.72,4.59,0.14,8.25,14.92,1.89,0.18,0.98,-0.18,1.42,0.08,0.03,0.12,0.34,0.74
S2,F,6,MIN,NA,0.709,106.32,4.24,3.89,3.86,0.12,8.21,16.54,2.26,0.03,3.65,0.11,2.08,0.05,0.03,0.15,0.39,0.72
S2,F,7,MIN,NA,0.668,100.2,4.46,3.84,4.21,0.12,8.23,13.05,1.33,0,0.28,0.44,1.83,0.03,0.02,0.16,0.35,0.59
S2,F,8,MIN,NA,0.857,128.58,4.55,4.13,3.21,0.05,5.95,6.38,1.07,0.15,1.43,-0.15,0.77,0.03,0,0.08,0.33,0.58
S2,F,9,MIN,NA,0.793,118.97,3.84,3.86,3.42,0.05,9.56,12.17,2,0.11,-0.31,0.12,1.75,0.05,0.01,0.13,0.35,0.77
S2,F,10,MIN,NA,0.758,113.77,4.24,3.68,4.5,0.01,9.38,7.07,1.17,0,0.65,0.73,1.84,0.05,0.03,0.16,0.53,0.81
W1,B,2,FF,75,0.048,3.57,3.82,3.01,44.83,1.64,88.73,179.38,31.72,0.29,209.13,-0.29,7.22,1.67,0.6,1.45,1.05,1.87
W1,B,3,FF,40.8,0.068,2.75,3.44,2.94,45.33,1.84,88.73,102.32,27.24,0.05,69.25,-0.05,8.59,1.01,0.76,1.85,1.36,1.19
W1,B,4,FF,17.8,0.107,1.9,4.21,3.15,38.02,1.57,66.64,166.96,77.51,0.29,-35.38,1.36,8.08,1.15,0.86,1.98,0.69,2.1
W1,B,5,FF,62.8,0.044,2.77,3.63,2.84,49.4,1.87,94.9,144.2,13.27,0,226.16,0,10.45,1.3,0.77,1.48,1.04,2.08
W1,B,6,FF,58,0.049,2.81,3.1,2.67,47.43,1.79,92.28,148.87,16.82,0.03,151.72,-0.03,9.3,0.52,0.6,1.26,1.02,3.11
W1,B,7,FF,75.5,0.075,5.69,2.98,2.58,47.85,1.71,90.85,102.7,4.67,0,98.95,44.4,9.45,0.82,0.77,1.19,1.55,2.68
W1,B,8,FF,123.5,0.033,4.13,3.73,2.61,46.87,1.65,89.92,115.61,13.28,0,80.52,0,11.93,0.94,0.83,0.76,2.09,2.51
W1,B,9,FF,99.5,0.066,6.57,3.7,2.68,48.44,1.77,96.8,173.2,16.5,0.57,103.67,0.02,10.79,0.91,0.8,1.59,1.68,3.15
W1,B,10,FF,96.8,0.042,4.04,3.86,2.62,48.89,1.71,95.46,185.64,17.98,0,105.49,0.69,8.92,0.85,0.69,0.8,1.72,3.23
W1,C,3,FF,45,NA,NA,3.88,NA,NA,NA,NA,NA,NA,NA,NA,NA,8.14,0.21,0.67,1.39,0.99,0.8
W1,C,5,FF,63,NA,NA,3.84,NA,NA,NA,NA,NA,NA,NA,NA,NA,1.78,1.25,0.65,1.29,1.4,2.02
W1,C,7,FF,55.5,NA,NA,3.86,NA,NA,NA,NA,NA,NA,NA,NA,NA,9.84,0.99,0.54,1.35,1.85,2.87
W1,C,9,FF,95.3,NA,NA,3.72,NA,NA,NA,NA,NA,NA,NA,NA,NA,10.32,0.89,0.55,0.88,2.29,3.44
W1,D,2,FF,24,0.187,4.49,4.33,3.13,33.21,1.24,72.22,122.75,31.85,0,141.03,1.1,6.94,1.22,0.52,0.53,1.28,2.39
W1,D,3,FF,31.8,0.059,1.87,3.26,2.92,45.52,1.79,87.08,171.81,24.45,0,430.62,1.8,8.54,1.25,0.61,0.18,0.96,1.49
W1,D,4,FF,61,0.046,2.83,3.87,2.79,45.31,1.58,90.98,174.62,17.89,0,118.7,0.5,9.48,1.29,0.54,0.87,1.17,2.64
W1,D,5,FF,56.5,0.051,2.91,3.72,2.33,46.45,1.9,87.39,102.08,72.68,0,131.55,0,7.53,0.93,0.65,0.78,1.35,1.49
W1,D,6,FF,49.3,0.054,2.65,3.93,2.68,46.44,1.74,89.87,127.31,15.57,0.36,159.92,-0.36,7.13,1.92,0.64,1.17,1.24,2.5
W1,D,7,FF,69.5,0.082,5.68,3.12,2.58,48.29,1.79,95.16,133.92,30.17,0,166.5,0,8.75,1.01,0.63,1.33,1.78,2.87
W1,D,8,FF,31.5,0.197,6.19,3.83,2.78,48.3,1.87,95.56,173.38,11.65,0,110.06,4.56,7.26,1.14,0.32,1.3,1.58,1.64
W1,D,9,FF,72.5,0.062,4.46,3.16,2.59,47.37,1.73,93.58,120.64,31.06,0,150.31,2.98,9.27,1.08,0.45,0.94,1.72,1.27
W1,D,10,FF,66.5,0.071,4.74,3.76,2.72,48.34,1.83,94.42,151.83,12.35,0,81.66,0.51,8.21,1.11,0.42,1.42,1.68,2.38
W1,E,3,FF,62.5,NA,NA,4.14,NA,NA,NA,NA,NA,NA,NA,NA,NA,8.27,0.98,0.46,0.96,1.05,2.69
W1,E,5,FF,73,NA,NA,3.99,NA,NA,NA,NA,NA,NA,NA,NA,NA,11.15,0.87,0.39,1.39,2.31,2.1
W1,E,7,FF,81.3,NA,NA,3.62,NA,NA,NA,NA,NA,NA,NA,NA,NA,6.58,1.55,0.69,1.35,2.03,3.43
W1,E,9,FF,65,NA,NA,4.03,NA,NA,NA,NA,NA,NA,NA,NA,NA,5.64,0.44,0.11,0.6,2.29,2.71
W1,F,2,FF,37.5,0.045,1.69,4.1,3.03,45.84,1.56,76.59,164.33,12.18,3.56,242.21,-2.91,6.69,1.43,0.74,1.09,1.23,3.29
W1,F,3,FF,45.8,0.051,2.35,3.76,3.15,27.23,0.97,52.58,40.45,66.31,1.43,313.5,-1.43,6.01,1.89,0.45,0.17,1.02,1.79
W1,F,4,FF,58.8,0.089,5.25,3.58,2.72,48.28,1.96,95.16,135.05,18.07,0,143.82,3.88,7.21,0.75,0.59,0.78,1.68,3.12
W1,F,5,FF,72.8,0.067,4.84,3.75,2.73,48.59,1.89,95.13,110.48,18.36,0,77.56,0,7.79,1.6,1.13,0.77,2.19,3.72
W1,F,6,FF,152.5,0.023,3.46,3.91,2.75,NA,NA,94.91,119.37,10.2,3.12,77.76,-3.12,7.61,0.76,0.32,0.72,2.05,5.1
W1,F,7,FF,106,0.033,3.46,3.45,2.6,48.27,1.86,94.57,91.4,11.49,0.21,77.74,-0.21,7.13,0.2,0.09,0.41,1.88,3.2
W1,F,8,FF,87,0.022,1.93,4.38,3.41,44.56,1.74,93.55,120.87,15.41,0,59.78,0,7.84,0.14,0.1,0.81,2.65,3.04
W1,F,9,FF,109.3,0.027,2.93,4.55,3.34,45.31,1.91,92.11,142.31,9.48,0,61.13,0,8.44,1.26,0.93,1.66,2.37,3.51
W1,F,10,FF,103.5,0.043,4.46,4.44,3.47,44.9,1.97,92.44,79.35,15.88,1.19,97.18,3.05,10.02,0.21,0.19,0.47,2.38,2.95
W1,B,2,MIN,NA,0.469,70.34,4.05,3.28,9.29,0.27,17.94,3.69,2.87,0.02,5.07,-0.02,1.99,0.07,0.02,0.21,0.36,0.56
W1,B,3,MIN,NA,0.683,102.44,4.3,4.01,4.4,0.13,10.41,15.83,0.45,0,8.91,0.06,1.72,0.06,0.02,0.16,0.48,0.61
W1,B,4,MIN,NA,0.672,100.85,4.31,3.94,3.84,0.14,10.3,2.14,1.22,0.15,16.82,-0.06,1.11,0.05,0.01,0.12,0.38,0.5
W1,B,5,MIN,NA,0.506,75.84,4.14,3.84,5.68,0.12,11.87,1.27,2.11,0.15,16.88,0.61,1.76,0.07,0.01,0.09,0.36,0.58
W1,B,6,MIN,NA,0.615,92.32,4.08,3.85,4.77,0.09,7.45,0.19,0.67,0,4.78,0,1.49,0.06,0.01,0.08,0.42,0.85
W1,B,7,MIN,NA,0.545,81.72,4.02,3.76,7.23,0.22,11.51,6.6,0.89,0,5.69,0.2,1.66,0.08,0.01,0.08,0.5,0.69
W1,B,8,MIN,NA,0.371,55.66,3.68,3.24,10.65,0.29,19.44,10.87,0.35,0,4.25,0,1.45,0.05,0.02,0.09,0.72,0.76
W1,B,9,MIN,NA,0.586,87.85,3.9,3.32,12.57,0.45,12.23,9.17,2.88,0,4.78,0.05,2.02,0.06,0.01,0.13,0.84,0.85
W1,B,10,MIN,NA,0.416,62.4,4.19,3.83,9.14,0.38,20.22,33.57,3.91,0,35.76,0.19,4.92,0.12,0.07,0.51,0.89,0.86
W1,C,3,MIN,NA,NA,NA,4.51,NA,NA,NA,NA,NA,NA,NA,NA,NA,1.54,0.03,0.01,0.15,0.48,0.7
W1,C,5,MIN,NA,NA,NA,4.56,NA,NA,NA,NA,NA,NA,NA,NA,NA,1.54,0.1,0.02,0.15,0.54,0.63
W1,C,7,MIN,NA,NA,NA,4.43,NA,NA,NA,NA,NA,NA,NA,NA,NA,2.33,0.04,0.02,0.14,0.53,0.62
W1,C,9,MIN,NA,NA,NA,4.06,NA,NA,NA,NA,NA,NA,NA,NA,NA,3.88,0.05,0.03,0.17,0.76,1.11
W1,D,2,MIN,NA,0.64,95.93,4.37,4,6.41,0.24,12.21,0,1.41,0,15.45,3.26,1.22,0.08,0,0.1,0.49,0.66
W1,D,3,MIN,NA,0.5,75,3.72,3.65,7.37,0.25,11.91,3.82,14.19,0,24.77,2.87,1.61,0.05,0.01,0.13,0.57,0.76
W1,D,4,MIN,NA,0.656,98.39,3.91,3.59,6.01,0.18,11.18,0.13,4.79,0.17,6.9,5.41,1.48,0.07,0.01,0.08,0.64,0.76
W1,D,5,MIN,NA,0.567,85.03,4.09,3.58,5.96,0.24,14.62,2.6,1.28,0,14.87,0.56,2.58,0.06,0.01,0.13,0.7,0.86
W1,D,6,MIN,NA,0.668,100.18,4.22,3.95,5.5,0.24,11.15,0.36,3.01,0,2.21,0.57,2.03,0.14,0.02,0.12,0.75,0.78
W1,D,7,MIN,NA,0.444,66.63,3.9,3.52,14.18,0.36,21.52,8.55,17.5,2.57,-14.24,-2.57,3,0.12,0.03,0.18,0.91,0.93
W1,D,8,MIN,NA,0.452,67.78,3.88,3.3,6.55,0.22,15.94,9.48,7.68,0,14.39,2.63,3.07,0.06,0.02,0.12,0.86,0.69
W1,D,9,MIN,NA,0.526,78.94,3.99,3.72,9.46,0.25,15.13,15.18,1.16,0,8.69,0.52,2.31,0,0.01,0.14,0.88,0.88
W1,D,10,MIN,NA,0.497,74.62,4.33,4.13,6.33,0.25,11.86,4.18,0,0.06,8.4,0.73,1.93,0,0.02,0.17,0.81,0.84
W1,E,3,MIN,NA,NA,NA,4.49,NA,NA,NA,NA,NA,NA,NA,NA,NA,4.68,0,0.02,0.12,0.58,0.83
W1,E,5,MIN,NA,NA,NA,4.31,NA,NA,NA,NA,NA,NA,NA,NA,NA,1.99,0,0.03,0.12,0.57,0.71
W1,E,7,MIN,NA,NA,NA,4.33,NA,NA,NA,NA,NA,NA,NA,NA,NA,1.52,0,0.03,0.13,0.8,1.23
W1,E,9,MIN,NA,NA,NA,4.24,NA,NA,NA,NA,NA,NA,NA,NA,NA,2.9,0,0.04,0.25,1.9,1.27
W1,F,2,MIN,NA,0.542,81.3,3.99,3.86,6.47,0.26,12.66,14.81,1.26,0,7.31,0.93,1.15,0,0.02,0.09,0.73,0.98
W1,F,3,MIN,NA,0.63,94.53,4.32,4.02,6.95,0.26,11.46,0,4.23,0,7.64,1.33,1.43,0,0.01,0.09,0.66,0.87
W1,F,4,MIN,NA,0.29,43.52,3.45,2.98,15,0.43,28.04,6.14,6.01,0,49.05,2.41,2.49,0,0.01,0.11,0.87,0.94
W1,F,5,MIN,NA,0.323,48.45,3.95,3.19,13.34,0.52,23.92,14.2,51.57,0,-28,3.31,2.53,0.02,0.05,0.24,0.74,0.87
W1,F,6,MIN,NA,0.327,49.12,3.93,3.86,13.01,0.64,22.98,3.82,2.65,0,13.39,3.15,1.94,0.13,0.02,0.12,1.07,1.83
W1,F,7,MIN,NA,0.419,62.84,4.1,3.76,7.11,0.36,18.98,18.06,2.53,0,6.11,1.29,4.05,0.11,0.08,0.34,0.95,1.68
W1,F,8,MIN,NA,0.197,29.62,4.22,3.69,27,1.27,67,30.47,7.94,0,43.86,8.45,7.99,0.14,0.07,0.34,2.52,1.95
W1,F,9,MIN,NA,0.553,82.9,3.72,3.86,8.69,0.32,15.19,25.92,1.76,0,9.2,4.14,0.83,0.13,0.09,0.49,1,2.11
W1,F,10,MIN,NA,0.381,57.16,4.19,3.95,11.78,0.48,23.79,43.73,4.86,0,3.93,2.27,2.24,0.09,0.02,0.25,1.03,1.51
W2,B,2,FF,139,0.045,6.19,3.88,3.16,47.99,1.69,95.53,115.91,9.14,0.95,62.98,-0.95,12.77,1.43,1.03,1.04,2.1,2.98
W2,B,3,FF,102,0.036,3.72,3.47,3.15,44.9,1.62,89.33,144.2,8.27,2.78,159.01,7.98,14.88,1.55,0.71,1.19,1.3,3.27
W2,B,4,FF,14,0.208,2.91,3.87,3.14,46.46,1.85,92.44,169.12,54.71,1.3,115.26,0.2,9.6,3.14,0.81,1.22,1.03,3.25
W2,B,5,FF,121.5,0.028,3.45,3.81,2.88,47.35,1.87,92,101.8,10.41,0.3,119.78,2.66,14.23,2.15,0.78,0.1,1.5,3.5
W2,B,6,FF,89.8,0.04,3.62,4,3.01,48.07,1.79,97.41,111.85,13.47,1.68,157.98,-0.08,6.55,2.2,0.74,1.12,1.6,3.32
W2,B,7,FF,42.8,0.101,4.33,3.91,2.25,48.69,1.85,94.47,123.36,11.77,1.18,117.07,2.11,8.39,1.2,0.84,1.37,1.57,2.96
W2,B,8,FF,45.3,0.105,4.73,3.72,3.14,35.97,1.37,55.84,70.08,9.09,0.03,109.79,20.02,9.04,1.13,0.54,0.6,1.63,2.11
W2,B,9,FF,16.5,0.169,2.79,3.57,2.9,41.43,1.51,76.21,107.04,89.51,0.92,715.6,3.11,8.28,1.5,0.69,1.66,1.64,1.61
W2,B,10,FF,77.5,0.034,2.67,3.72,2.88,47.11,1.53,90.53,159.19,7.42,0.03,122.57,0.85,5.18,1.99,0.74,1.47,1.83,3.52
W2,C,3,FF,91.3,NA,NA,4,NA,NA,NA,NA,NA,NA,NA,NA,NA,7.18,1.28,0.95,1.68,1.37,3.14
W2,C,5,FF,68,NA,NA,4.09,NA,NA,NA,NA,NA,NA,NA,NA,NA,4.72,0.6,0.27,0.74,1.11,1.44
W2,C,7,FF,56.3,NA,NA,3.84,NA,NA,NA,NA,NA,NA,NA,NA,NA,1.81,1.74,0.84,1.53,1.86,3.47
W2,C,9,FF,65.8,NA,NA,3.76,NA,NA,NA,NA,NA,NA,NA,NA,NA,10.73,2.05,0.94,1.46,1.92,1.94
W2,D,2,FF,95.5,0.065,6.21,3.6,2.86,49.56,1.6,94.58,66.56,7.15,2.64,85.44,-2.64,11.28,1.4,0.77,0.87,1.82,2.69
W2,D,3,FF,143.8,0.031,4.4,3.47,2.8,47.82,1.81,94.42,106.28,31.71,0,384.26,3.28,2.67,0,0.48,0.37,1.59,3.14
W2,D,4,FF,46.8,0.089,4.14,3.81,2.95,30.06,1.2,55.45,47.6,4.36,1.51,108.38,1.82,10.6,1.53,0.67,0.52,2.42,2.64
W2,D,5,FF,69.5,0.03,2.08,3.6,2.96,43.12,1.39,83.35,90.49,53.38,0.84,514.98,0.54,1.78,0.54,0.25,0.31,1.24,1.94
W2,D,6,FF,48.3,0.075,3.62,4,2.96,48.33,1.99,95.05,120.11,14.23,0,161.82,0,9,3.42,0.69,0.47,1.12,1.05
W2,D,7,FF,56.3,0.053,2.99,4.02,2.89,41.23,1.71,77.03,86.83,13.61,0.41,126.84,2.71,8.08,3.05,0.69,0.61,1.21,3.12
W2,D,8,FF,72.5,0.058,4.18,3.45,2.77,48.52,1.91,94.76,93.06,30.32,25.45,338.77,-22.5,10.91,1.49,0.67,0.29,1.56,2.61
W2,D,9,FF,72.8,0.061,4.42,4,2.94,47.73,1.93,94.48,139.02,10.16,0.25,37.18,-0.25,10.07,2.49,0.72,0.37,1.67,3.24
W2,D,10,FF,66.8,0.049,3.25,3,2.95,47.17,1.81,91.76,131.04,65.04,1.32,410.32,-1.27,8.71,2.49,0.81,0.65,1.48,3.21
W2,E,3,FF,48.8,NA,NA,4.13,NA,NA,NA,NA,NA,NA,NA,NA,NA,6.27,2.67,0.83,0.41,1.73,2.37
W2,E,5,FF,66.3,NA,NA,3.82,NA,NA,NA,NA,NA,NA,NA,NA,NA,7.03,1.31,0.55,0.44,1.74,1.83
W2,E,7,FF,32.5,NA,NA,4.08,NA,NA,NA,NA,NA,NA,NA,NA,NA,10.61,1.52,0.44,0.3,1.11,2.22
W2,E,9,FF,81.3,NA,NA,3.8,NA,NA,NA,NA,NA,NA,NA,NA,NA,6.73,2.15,0.67,0.37,1.23,2.93
W2,F,2,FF,93.8,0.022,2.06,4.19,3.12,45.83,1.86,90.37,225.04,16.36,2.22,301.07,2.38,6.4,1.49,0.88,0.48,2.21,3.7
W2,F,3,FF,69.3,0.054,3.76,4.25,3.21,45.43,1.95,88.68,72.73,20.86,0,209.07,4.38,4.15,1.89,0.45,0.17,2.49,3.21
W2,F,4,FF,84.8,0.05,4.27,3.82,2.86,49.1,1.73,97.32,83.68,18.85,0.99,131.19,-0.99,9.08,0.64,0.6,0.4,1.97,3.39
W2,F,5,FF,96.8,0.041,3.92,3.92,2.72,48.6,1.68,94.44,67.7,66.09,0.38,9.64,2.48,9.75,0.73,0.67,0.41,1.82,3.49
W2,F,6,FF,83.8,0.07,5.85,3.92,2.72,47.44,1.73,95.69,113.75,14.49,0.75,57.61,7.51,5.83,1.22,0.65,0.45,2.22,3.71
W2,F,7,FF,145,0.049,7.09,3.47,2.71,49.46,1.53,97.31,59.77,12.93,1.38,45.58,0.16,8.51,1.99,0.62,0.32,2,2.97
W2,F,8,FF,61.3,0.089,5.48,3.47,2.78,46.76,1.6,89.4,60.25,18.97,0.43,81.56,5.86,5.83,0.81,0.69,0.5,1.21,2.18
W2,F,9,FF,75,0.036,2.71,3.85,3.03,43.14,1.6,76.37,112.83,35.38,0.74,193.5,9.47,3.74,0.79,0.17,0.28,1.28,2.11
W2,F,10,FF,69.8,0.036,2.51,3.16,2.83,48.14,1.89,93.66,78.17,11.73,2.27,138.09,0.6,9.66,1.79,1,0.63,1.19,1.72
W2,B,2,MIN,NA,0.749,112.33,3.42,3.43,9.23,0.29,15.78,4.33,15.99,0.16,5.11,4.07,6.52,0.15,0.21,0.51,0.91,0.96
W2,B,3,MIN,NA,0.58,86.95,4.3,3.96,7.01,0.22,11.74,0,3.41,0.16,13.98,4.01,4.72,0.06,0.04,0.23,0.84,0.71
W2,B,4,MIN,NA,0.464,69.6,4.15,3.76,8.14,0.27,17.74,4.84,1.8,0.25,40.18,5.77,1.72,0.04,0.01,0.11,0.68,0.86
W2,B,5,MIN,NA,0.652,97.8,4.13,3.82,6.36,0.27,11.76,0,1.37,0.2,14.58,5.2,6.8,0.39,0.25,0.36,0.51,0.62
W2,B,6,MIN,NA,0.592,88.77,3.58,2.86,7.76,0.26,11.96,19.08,0.76,0.33,19.9,4.37,3.06,0.1,0.02,0.14,0.62,1.87
W2,B,7,MIN,NA,0.555,83.27,3.79,3.86,4.5,0.16,11.46,0,2.52,0.51,22.76,5.2,2.69,0,0.02,0.17,0.66,0.85
W2,B,8,MIN,NA,0.657,98.6,3.77,3.89,6.71,0.23,12.45,0.57,2.36,0.52,24.05,3.54,1.97,0,0.01,0.1,0.58,0.88
W2,B,9,MIN,NA,0.609,91.41,4.06,3.64,6.61,0.19,12.48,1.85,3.67,0.44,33.47,4.39,3.05,0,0.01,0.1,0.69,0.72
W2,B,10,MIN,NA,0.552,82.74,3.43,2.94,5.39,0.2,12.1,7.88,0.83,0.58,16.52,4.73,2.82,0,0.01,0.13,0.7,0.82
W2,C,3,MIN,NA,NA,NA,4.65,NA,NA,NA,NA,NA,NA,NA,NA,NA,6.34,0.02,0.09,0.39,0.72,0.29
W2,C,5,MIN,NA,NA,NA,4.24,NA,NA,NA,NA,NA,NA,NA,NA,NA,2.39,0.05,0.01,0.16,0.51,0.68
W2,C,7,MIN,NA,NA,NA,4.2,NA,NA,NA,NA,NA,NA,NA,NA,NA,1.66,0.02,0.01,0.08,0.59,0.9
W2,C,9,MIN,NA,NA,NA,3.88,NA,NA,NA,NA,NA,NA,NA,NA,NA,2.87,0.04,0.04,0.21,0.63,1.11
W2,D,2,MIN,NA,0.368,55.15,4.1,3.58,8.98,0.26,30.38,3.57,0,0.22,16.3,2.66,3.65,0.02,0.01,0.14,1.01,1.15
W2,D,3,MIN,NA,0.53,79.55,3.71,3.5,5,0.16,15.22,4.13,1.27,0.4,31.81,2.67,4.97,0.09,0.02,0.34,0.78,0.69
W2,D,4,MIN,NA,0.703,105.47,3.92,3.16,7.44,0.47,10.83,0,1.52,0.5,21.01,2.4,1.65,0.03,0.02,0.09,0.66,0.82
W2,D,5,MIN,NA,0.622,93.35,4.01,3.77,4.74,0.14,8.81,0,1.57,0.95,15.62,3.37,2.03,0.08,0.02,0.12,0.47,0.62
W2,D,6,MIN,NA,0.382,57.23,4.08,3.51,10.64,0.31,13.04,5.43,2.32,0.44,30.11,2.25,1.92,0,0.02,0.14,0.45,0.67
W2,D,7,MIN,NA,0.573,85.93,4.27,3.81,15.96,0.31,15.28,0,4.57,0.41,18.77,3.73,1.35,0,0.01,0.09,0.54,0.77
W2,D,8,MIN,NA,0.644,96.57,3.82,3.28,6.29,0.23,11.66,0.5,3.47,0.5,19.88,2.1,1.38,0,0.01,0.13,0.56,1.02
W2,D,9,MIN,NA,0.519,77.85,4.21,3.84,10.29,0.42,15.63,1.89,16.53,12.8,22.97,-12.8,1.67,0,0.01,0.1,0.69,0.8
W2,D,10,MIN,NA,0.614,92.13,3.83,3.4,4.98,0.16,12.43,0,9.19,0.73,24.36,29.31,1.43,0.01,0.02,0.09,0.67,0.71
W2,E,3,MIN,NA,NA,NA,4.42,NA,NA,NA,NA,NA,NA,NA,NA,NA,0.28,0,0.01,0.15,0.8,0.99
W2,E,5,MIN,NA,NA,NA,3.94,NA,NA,NA,NA,NA,NA,NA,NA,NA,1.26,0,0,0.09,0.51,0.87
W2,E,7,MIN,NA,NA,NA,4.63,NA,NA,NA,NA,NA,NA,NA,NA,NA,1.96,0,0,0.11,0.58,0.79
W2,E,9,MIN,NA,NA,NA,4.38,NA,NA,NA,NA,NA,NA,NA,NA,NA,3.13,0.07,0.07,0.34,0.49,0.76
W2,F,2,MIN,NA,0.514,77.08,4.29,3.37,7.94,0.23,13.87,0.41,1.22,0.02,-1.24,-0.02,2.54,0.02,0.03,0.13,0.68,1.02
W2,F,3,MIN,NA,0.541,81.21,4.04,3.24,13.38,0.52,11.71,2.04,17.05,0.93,-17.98,-0.93,4.35,0.1,0.06,0.11,0.7,1.17
W2,F,4,MIN,NA,0.239,35.78,3.67,2.81,13.78,0.32,11.52,32.07,40.53,2.54,-43.07,-2.54,2.52,0,0.01,0.1,0.76,0.69
W2,F,5,MIN,NA,0.416,62.41,3.75,3.4,9.98,0.33,14.73,21.61,1.64,0.65,-2.29,-0.65,3.49,0.02,0.06,0.19,0.67,1.02
W2,F,6,MIN,NA,0.657,98.58,2.96,2.93,5.26,0.19,11.71,4.06,10.81,0.56,-11.37,-0.56,4.62,0.1,0.03,0.12,0.76,0.92
W2,F,7,MIN,NA,0.415,62.21,3.57,3.09,9.26,0.33,19.73,8.8,14.43,2.14,-16.57,-2.14,3.9,0.06,0.09,0.17,0.56,0.52
W2,F,8,MIN,NA,0.511,76.69,3.65,3.08,5.15,0.15,22.84,13.09,2.67,0,-2.67,0,2.45,0,0.01,0.09,0.51,0.71
W2,F,9,MIN,NA,0.655,98.25,4.31,3.73,4.64,0.15,18.5,12.83,2.13,0,-2.13,0,0.34,0,0.01,0.09,0.51,0.81
W2,F,10,MIN,NA,0.406,60.92,4.16,3.61,8.04,0.25,14.53,2.06,0.37,0,-0.37,0,3.45,0,0.07,0.39,0.52,1.54
